1,1,Rose Petal Midi Dress,dress,romantic,women,Signature piece with hand-painted floral hem
2,1,Botanical Wrap Blouse,blouse,bohemian,women,Draped silhouette with vine embroidery
3,1,Garden Party Trousers,trousers,smart casual,women,Wide-leg cut with pressed crease
4,2,Shadow Moto Jacket,jacket,edgy,unisex,Vegan leather with asymmetric zip
5,2,Asphalt Cargo Pants,pants,streetwear,men,Relaxed fit with utility pockets
6,2,Graffiti Hoodie,hoodie,streetwear,unisex,Oversized with abstract print
7,3,Riviera Linen Shirt,shirt,casual,men,Relaxed fit with coconut shell buttons
8,3,Marina Slip Dress,dress,casual,women,Bias cut with adjustable straps
9,3,Boardwalk Shorts,shorts,casual,men,Quick-dry fabric with drawstring waist
10,4,Starlight Sequin Gown,gown,formal,women,Floor-length with hand-sewn sequins
11,4,Velvet Tuxedo Blazer,blazer,formal,men,Slim fit with satin lapels
12,4,Crystal Drop Camisole,camisole,formal,women,Silk with beaded strap detail
13,5,Alpine Cable Knit Sweater,sweater,cozy,unisex,Chunky wool blend with heritage pattern
14,5,Fireside Cardigan,cardigan,cozy,women,Oversized with wooden toggle buttons
15,6,Studio Tailored Blazer,blazer,minimalist,women,Unlined with raw-edge detail
16,6,Foundation Tee,t-shirt,minimalist,unisex,Premium pima cotton in 5 colorways
